{
   "type": "sqlite",
   "database": "database.sqlite",
   "synchronize": false,
   "logging": false,
   "seeds": [
      "src/seeds/**/*{.ts,.js}"
   ],
   "factories": [
      "src/db/factories/**/*{.ts,.js}"
   ],
   "entities": [
      "src/entity/**/*.ts"
   ],
   "migrations": [
      "src/migration/**/*.ts"
   ],
   "subscribers": [
      "src/subscriber/**/*.ts"
   ],
   "cli": {
      "entitiesDir": "src/entity",
      "migrationsDir": "src/migration",
      "subscribersDir": "src/subscriber"
   }
}